Date,Close/Last,Volume,Open,High,Low
03/30/2026,37.88,5061730,36.61,38.59,36.61
03/27/2026,38.23,5698523,36.07,38.47,35.93
03/26/2026,35.49,4702725,33.87,35.56,33.39
03/25/2026,33.21,4540081,32.95,34.02,32.65
03/24/2026,33.84,8398771,34.15,34.37,32.59
03/23/2026,33.14,9568517,32.44,33.97,31.64
03/20/2026,34.97,7614942,32.805,35.375,32.66
03/19/2026,32.65,8040403,35.13,35.50,31.90
03/18/2026,33.59,7002208,31.85,33.67,31.71
03/17/2026,30.88,3602800,30.85,31.21,30.38
03/16/2026,31.33,5278531,32.71,32.72,31.30
03/13/2026,33.88,5918183,32.49,34.00,31.92
03/12/2026,33.32,6178535,32.70,33.47,32.21
03/11/2026,31.19,5803169,32.13,32.705,31.14
03/10/2026,32.68,6100286,31.305,32.765,29.74
03/09/2026,31.17,12874530,34.91,36.195,30.63
03/06/2026,34.45,10391320,32.72,34.59,31.82
03/05/2026,30.35,7283979,29.365,31.68,28.905
03/04/2026,28.53,4356918,29.23,29.5199,28.03
03/03/2026,29.53,10414820,30.505,32.585,28.78
03/02/2026,28.22,5620466,29.61,29.665,27.76
02/27/2026,27.86,4433459,28.22,28.55,27.40
02/26/2026,26.81,3963760,26.33,27.915,26.33
02/25/2026,26.54,1926371,27.04,27.14,26.485
02/24/2026,27.58,2232509,28.435,28.77,27.42
02/23/2026,28.47,3630288,27.51,28.685,27.14
02/20/2026,27.40,4706143,28.50,28.74,27.11
02/19/2026,28.05,3777579,28.05,28.64,27.845
02/18/2026,27.37,3680765,27.41,27.75,26.72
02/17/2026,27.30,6811668,28.52,29.25,27.12
02/13/2026,28.31,7736458,27.86,28.79,26.89
02/12/2026,27.90,6230014,26.01,27.98,25.825
02/11/2026,26.24,3051677,25.73,26.87,25.65
02/10/2026,26.34,1978984,25.86,26.345,25.71
02/09/2026,25.81,3118517,26.57,26.72,25.6988
02/06/2026,26.71,4245797,27.59,27.67,26.4621
02/05/2026,28.42,5986242,27.82,28.8245,27.19
02/04/2026,26.75,6133407,26.22,27.92,26.05
02/03/2026,26.37,5684528,25.51,27.54,25.375
02/02/2026,25.28,3333498,26.45,26.45,25.205
01/30/2026,26.71,4067080,26.60,26.99,25.94
01/29/2026,26.27,3858616,26.44,27.8691,26.26
01/28/2026,26.09,2679269,25.95,26.46,25.7354
01/27/2026,26.09,1737605,25.61,26.10,25.42
01/26/2026,25.63,2248848,25.66,25.77,25.315
01/23/2026,25.68,2458546,25.53,25.77,25.05
01/22/2026,25.22,1963851,25.48,25.86,25.20
01/21/2026,25.84,6293390,27.29,27.675,25.5846
01/20/2026,28.46,8552321,27.86,28.9519,26.84
01/16/2026,25.60,2168477,25.35,25.84,25.25
01/15/2026,25.48,2505866,25.46,25.67,25.22
01/14/2026,26.26,5313826,26.29,26.98,26.0445
01/13/2026,25.63,3057054,24.92,25.92,24.88
01/12/2026,25.03,1563901,25.48,25.4899,24.97
01/09/2026,24.98,2694934,25.32,25.605,24.81
01/08/2026,25.34,3371805,25.78,25.8196,25.21
01/07/2026,25.68,3168572,25.31,25.799,25.31
01/06/2026,25.26,1514750,25.53,25.555,25.15
01/05/2026,25.57,1918018,25.10,25.57,24.95
01/02/2026,25.21,2317579,25.23,25.715,25.14
12/31/2025,25.64,2132689,25.49,26.20,25.27
12/30/2025,25.47,1363173,25.75,25.75,25.365
12/29/2025,25.86,1921590,26.41,26.41,25.63
12/26/2025,26.14,1456372,26.05,26.475,26.04
12/24/2025,26.19,882759,26.16,26.305,26.04
12/23/2025,26.22,1528598,26.35,26.35,26.08
12/22/2025,26.12,2567491,26.47,26.61,25.97
12/19/2025,27.05,2572752,27.86,27.86,26.85
12/18/2025,28.11,2495767,28.35,28.79,27.9144
12/17/2025,29.06,2698102,28.48,29.18,28.15
12/16/2025,28.57,2994617,28.77,29.29,28.40
12/15/2025,28.69,2748227,28.38,29.34,28.27
12/12/2025,28.72,4741917,28.47,29.98,28.24
12/11/2025,28.65,2473134,29.40,29.93,28.60
12/10/2025,29.06,3403200,30.42,30.61,28.97
12/09/2025,30.28,2367453,30.36,30.36,29.81
12/08/2025,30.10,2271442,29.77,30.57,29.735
12/05/2025,29.79,2212683,30.02,30.25,29.75
12/04/2025,30.16,1461582,30.22,30.675,29.90
12/03/2025,30.43,2964252,30.98,31.06,30.355
12/02/2025,30.60,2610596,30.82,31.10,30.56
12/01/2025,31.15,2831369,31.82,31.82,30.67
11/28/2025,31.13,1221583,31.68,31.72,31.05
11/26/2025,31.84,3223688,32.32,32.45,31.64
11/25/2025,32.76,2705000,33.665,34.9466,32.63
11/24/2025,33.66,2949506,35.71,35.7537,33.58
11/21/2025,36.25,9486196,37.24,39.33,35.86
11/20/2025,38.20,8787029,33.35,38.55,33.1201
11/19/2025,35.82,5084046,36.50,36.92,34.8301
11/18/2025,36.75,5849627,36.38,37.50,35.31
11/17/2025,35.30,5070833,34.16,35.83,33.29
11/14/2025,33.59,4531223,35.17,35.73,32.99
11/13/2025,34.16,4577246,32.35,34.745,32.09
11/12/2025,32.03,2259008,31.62,32.37,31.58
11/11/2025,31.84,1229558,31.98,32.04,31.66
11/10/2025,31.93,3594268,32.41,32.61,31.82
11/07/2025,33.69,4125021,34.91,36.02,33.69
11/06/2025,34.01,4468826,32.91,34.49,32.74
11/05/2025,32.60,2823909,33.94,34.055,32.26
11/04/2025,33.90,2870639,34.00,34.32,33.0988
11/03/2025,32.67,2956802,32.63,33.7312,32.4999
10/31/2025,33.03,3662839,32.14,33.71,32.10
10/30/2025,32.91,4141566,32.38,32.96,31.84
10/29/2025,32.65,4018085,31.75,32.65,31.41
10/28/2025,32.04,2727431,31.13,32.65,31.10
10/27/2025,31.16,2137871,31.10,31.49,30.96
10/24/2025,32.22,2165831,31.76,32.33,31.67
10/23/2025,32.60,2045895,33.46,33.60,32.51
10/22/2025,33.23,4831604,33.01,35.03,32.80
10/21/2025,32.84,2996944,33.37,33.91,32.53
10/20/2025,33.01,3404199,34.78,34.82,32.93
10/17/2025,35.73,5938490,38.22,39.70,35.73
10/16/2025,38.95,6175746,35.20,39.13,35.09
10/15/2025,35.52,2895838,34.22,36.42,34.03
10/14/2025,35.14,4876895,35.59,36.78,34.02
10/13/2025,33.72,4343827,34.50,34.70,33.44
10/10/2025,36.38,9224523,32.37,36.8198,32.085
10/09/2025,32.37,1808162,32.14,32.8652,32.04
10/08/2025,32.29,1381766,32.63,32.86,32.175
10/07/2025,32.79,2304915,32.01,33.07,31.93
10/06/2025,32.16,1738191,32.10,32.55,32.03
10/03/2025,32.24,2093764,32.33,32.75,32.15
10/02/2025,32.47,2142788,31.93,32.68,31.87
10/01/2025,32.10,1767501,32.48,32.57,31.96
09/30/2025,32.30,1848725,32.57,32.70,32.11
09/29/2025,32.40,2107808,31.82,32.60,31.76
09/26/2025,31.99,1845234,32.97,33.49,31.92
09/25/2025,33.27,2606883,33.59,33.90,32.575
09/24/2025,32.83,1682440,33.05,33.85,32.825
09/23/2025,33.25,3131355,32.77,33.8074,32.755
09/22/2025,32.88,2452762,32.53,32.92,32.30
09/19/2025,32.34,1391338,32.03,32.77,32.02
09/18/2025,32.25,1836649,31.82,32.40,31.755
09/17/2025,32.365,3695015,33.31,33.35,31.88
09/16/2025,33.58,1939382,33.14,33.67,33.05
09/15/2025,33.08,2364661,32.38,33.11,32.32
09/12/2025,32.68,1621671,32.76,32.83,32.33
09/11/2025,32.73,1799264,33.01,33.18,32.71
09/10/2025,33.58,2365213,33.34,33.83,33.155
09/09/2025,33.71,1622333,34.09,34.47,33.67
09/08/2025,33.88,1931764,34.16,34.26,33.7913
09/05/2025,34.495,2699859,33.66,35.49,33.55
09/04/2025,34.46,1333817,35.26,35.32,34.34
09/03/2025,35.50,1517895,36.19,36.23,35.46
09/02/2025,36.35,2960142,37.14,37.9199,36.35
08/29/2025,35.26,2273342,34.51,35.61,34.34
08/28/2025,34.55,1263011,34.60,35.09,34.46
08/27/2025,35.09,1501634,35.02,35.50,34.88
08/26/2025,34.94,1185431,35.46,35.46,34.8925
08/25/2025,35.13,1364814,35.43,35.635,34.90
08/22/2025,35.19,3142646,37.97,38.07,35.01
08/21/2025,38.185,1212099,38.19,38.765,37.82
08/20/2025,37.61,1982252,37.95,39.03,37.505
08/19/2025,37.85,2411134,36.70,38.14,36.6504
08/18/2025,37.11,1594243,37.96,37.97,36.90
08/15/2025,37.97,2245576,37.93,38.36,37.7886
08/14/2025,38.14,1748754,38.74,38.79,37.94
08/13/2025,38.03,1639151,37.75,38.28,37.67
08/12/2025,38.25,1831884,39.20,39.23,38.04
08/11/2025,39.95,1489179,39.64,40.18,39.34
08/08/2025,39.76,2053264,40.50,40.605,39.61
08/07/2025,41.18,1347859,40.28,41.80,40.14
08/06/2025,40.86,1303620,42.06,42.35,40.82
08/05/2025,42.16,1453801,41.63,43.3841,41.50
08/04/2025,41.73,1934279,43.59,43.60,41.66
08/01/2025,44.76,3662251,43.40,45.77,43.32
07/31/2025,41.49,1566151,40.39,41.69,40.07
07/30/2025,41.24,1406201,40.92,41.93,40.53
07/29/2025,41.04,1746338,39.69,41.30,39.44
07/28/2025,40.10,2014066,40.40,40.79,40.10
07/25/2025,41.23,1278648,41.67,41.78,41.10
07/24/2025,41.61,1777753,41.46,41.76,41.11
07/23/2025,41.77,1812772,42.88,43.25,41.50
07/22/2025,43.55,1348337,43.53,44.64,43.38
07/21/2025,43.70,1135837,43.50,43.76,42.81
07/18/2025,43.96,830677,44.15,44.50,43.94
07/17/2025,44.62,762824,44.61,44.8353,44.30
07/16/2025,44.82,1691136,44.35,46.89,44.10
07/15/2025,44.41,1305298,43.79,44.74,43.7498
07/14/2025,44.74,889184,44.54,45.05,44.22
07/11/2025,44.07,1036459,44.81,44.87,43.615
07/10/2025,43.86,922134,43.99,44.2897,43.70
07/09/2025,44.20,1092536,44.62,45.06,44.00
07/08/2025,45.80,858110,45.93,46.09,45.42
07/07/2025,46.86,1915138,46.94,47.78,46.67
07/03/2025,46.29,1457212,45.89,46.52,45.66
07/02/2025,46.67,1334021,46.89,47.08,46.2838
07/01/2025,46.81,1076769,47.25,47.50,46.35
06/30/2025,46.88,880841,46.50,47.25,46.40
06/27/2025,47.13,1036186,46.76,48.07,46.682
06/26/2025,47.19,647949,47.30,47.3399,46.50
06/25/2025,47.39,663880,47.45,48.17,47.31
06/24/2025,47.75,1646304,48.87,48.87,47.75
06/23/2025,51.41,1745904,52.16,54.17,51.33
06/20/2025,52.16,1116755,51.10,52.90,50.8011
06/18/2025,51.58,1395041,53.01,53.52,50.61
06/17/2025,52.83,1826162,51.04,53.86,50.67
06/16/2025,49.81,1683181,51.75,51.75,49.62
06/13/2025,53.81,3352410,52.37,54.6799,50.94
06/12/2025,49.96,1705812,49.94,50.29,49.07
06/11/2025,49.16,2710472,48.08,50.06,47.54
06/10/2025,48.94,1112254,49.07,49.36,48.42
06/09/2025,49.11,743443,49.30,49.515,48.69
06/06/2025,49.78,1014322,50.51,50.53,49.50
06/05/2025,52.00,1136210,50.31,52.27,49.37
06/04/2025,51.06,720976,50.81,51.223,50.57
06/03/2025,50.91,647793,51.81,51.93,50.74
06/02/2025,52.00,680044,53.15,53.55,51.97
05/30/2025,52.77,953708,53.04,54.68,52.05
05/29/2025,52.31,655874,50.99,53.0865,50.89
05/28/2025,52.24,537770,51.62,52.63,51.59
05/27/2025,51.72,916702,53.86,54.47,51.6153
05/23/2025,57.47,1191174,57.69,57.99,55.63
05/22/2025,53.93,1062872,54.64,55.0599,52.96
05/21/2025,54.35,1766630,52.06,55.08,50.97
05/20/2025,50.83,1492212,51.20,52.14,50.68
05/19/2025,51.29,1335025,53.00,53.00,50.89
05/16/2025,51.29,881812,50.44,51.29,50.07
05/15/2025,50.86,663113,52.27,52.74,50.83
05/14/2025,51.73,880996,50.66,51.9604,50.63
05/13/2025,50.50,1346333,50.18,50.83,49.13
05/12/2025,51.10,1190155,54.03,54.23,50.93
05/09/2025,58.72,543998,58.83,59.235,57.95
05/08/2025,59.15,1015102,60.39,60.88,58.55
05/07/2025,61.55,823150,62.48,63.5601,61.10
05/06/2025,63.15,939623,62.51,63.35,61.3501
05/05/2025,60.79,601839,60.77,61.22,59.65
05/02/2025,59.57,436217,60.80,61.29,59.46
05/01/2025,62.20,419718,61.37,63.08,61.26
04/30/2025,63.14,1174192,63.87,66.93,62.61
04/29/2025,61.72,765431,62.93,63.28,61.45
04/28/2025,62.34,524252,61.24,64.65,61.13
04/25/2025,61.91,432554,64.42,65.80,61.8601
04/24/2025,64.84,623095,66.43,66.49,64.2536
04/23/2025,67.11,826938,65.98,69.17,64.7962
04/22/2025,69.58,594851,71.56,71.86,69.08
04/21/2025,74.10,1304409,70.86,76.00,70.65
04/17/2025,69.96,793344,70.35,71.43,69.50
04/16/2025,72.05,1118038,69.22,73.66,67.00
04/15/2025,66.50,910928,67.16,67.87,64.30
04/14/2025,67.00,1529775,68.84,74.25,66.69
04/11/2025,75.69,2267517,80.00,83.91,75.28
04/10/2025,77.91,3292258,70.34,85.11,68.18
04/09/2025,65.50,2596312,85.35,87.263,61.915
04/08/2025,82.83,3406854,66.21,89.1449,65.94
04/07/2025,73.52,3177851,80.05,83.02,66.00
04/04/2025,73.12,4946703,68.45,74.81,65.3607
04/03/2025,60.95,3158381,56.394,61.26,54.79
04/02/2025,48.95,1547218,52.42,52.50,48.18
04/01/2025,50.33,819138,51.07,52.84,49.6205
03/31/2025,50.26,1935397,53.33,54.1499,49.74
03/28/2025,50.48,1393417,47.00,50.634,46.4706
03/27/2025,46.33,657484,46.43,47.45,45.63
03/26/2025,46.03,978280,44.13,46.99,44.0631
03/25/2025,44.67,655444,44.01,44.84,43.955
03/24/2025,44.31,1002232,45.68,45.76,44.21
03/21/2025,47.36,1474904,48.28,48.96,47.14
03/20/2025,47.33,767368,49.09,49.27,46.9001
03/19/2025,48.13,791956,49.36,49.78,47.01
03/18/2025,49.83,899065,48.22,50.565,48.22
03/17/2025,48.49,1453852,49.93,49.93,48.23
03/14/2025,50.38,1086249,53.40,53.65,50.26
03/13/2025,55.21,1165735,53.26,56.41,52.21
03/12/2025,52.90,1275358,53.63,56.25,52.47
03/11/2025,55.76,1840115,56.06,59.07,54.90
03/10/2025,55.77,2197697,53.11,56.75,52.49
03/07/2025,50.29,1960949,52.52,54.16,50.01
03/06/2025,52.68,2315829,50.481,52.82,49.20
03/05/2025,47.42,1949966,49.36,50.67,47.3001
03/04/2025,49.70,2806407,50.625,53.43,47.40
03/03/2025,48.45,1462789,43.99,49.75,43.90
02/28/2025,44.77,2018598,46.07,47.2072,44.46
02/27/2025,45.67,1893938,42.70,45.87,42.415
02/26/2025,43.20,1419094,43.68,44.54,42.22
02/25/2025,44.16,2854162,44.11,46.13,43.20
02/24/2025,43.84,1579065,42.86,44.84,42.22
02/21/2025,43.56,4104629,40.77,43.91,40.77
02/20/2025,40.73,3656073,40.48,41.46,40.22
02/19/2025,40.50,2835263,41.27,41.37,40.49
02/18/2025,41.00,1560394,40.95,41.37,40.64
02/14/2025,41.18,2076403,41.29,41.65,41.02
02/13/2025,41.33,1866955,41.89,42.45,41.25
02/12/2025,42.03,2054025,43.14,43.40,41.85
02/11/2025,42.27,1067909,42.44,42.50,41.77
02/10/2025,42.11,842610,42.35,42.7924,42.03
02/07/2025,43.21,1678306,41.50,43.29,41.38
02/06/2025,41.79,1440569,41.74,42.55,41.57
02/05/2025,42.03,2081786,43.08,43.55,41.96
02/04/2025,42.99,1643336,43.65,44.27,42.70
02/03/2025,44.21,2960255,46.45,47.33,42.70
01/31/2025,43.37,2674382,41.49,43.90,41.21
01/30/2025,41.87,2444348,41.58,42.47,41.41
01/29/2025,42.03,2117281,42.22,43.72,41.9195
01/28/2025,42.31,3142232,43.29,44.41,42.00
01/27/2025,43.69,6696905,46.00,46.09,43.20
01/24/2025,41.06,2277918,40.92,41.42,40.75
01/23/2025,41.18,1991355,41.78,41.88,40.98
01/22/2025,41.96,1646408,41.31,42.105,41.25
01/21/2025,41.38,2032562,42.28,42.5933,41.23
01/17/2025,43.14,1276563,42.17,43.16,42.1018
01/16/2025,42.90,1304823,42.77,43.14,42.37
01/15/2025,42.82,2008847,44.50,44.50,42.70
01/14/2025,46.73,1167944,46.83,48.24,45.6101
01/13/2025,47.67,1368385,50.24,50.58,47.29
01/10/2025,48.65,2436944,47.34,49.64,46.80
01/08/2025,45.52,2413331,46.29,47.82,45.21
01/07/2025,45.82,1622850,42.67,46.56,42.67
01/06/2025,43.16,1380679,43.06,44.09,42.53
01/03/2025,43.49,1301392,45.25,45.50,43.36
01/02/2025,45.96,1310784,44.21,48.22,44.13
12/31/2024,45.02,1029946,44.06,45.53,43.645
12/30/2024,44.73,1547584,46.13,47.69,43.46
12/27/2024,43.81,1971813,42.62,46.09,42.3801
12/26/2024,41.81,1334564,42.22,43.26,41.595
12/24/2024,41.56,807639,43.26,43.35,41.50
12/23/2024,44.06,1248461,46.37,48.00,43.98
12/20/2024,47.03,2233065,54.82,55.09,46.84
12/19/2024,55.31,2689866,48.59,55.90,48.13
12/18/2024,50.96,2630309,43.25,51.00,42.70
12/17/2024,43.58,1268217,43.13,43.7977,42.56
12/16/2024,42.61,792138,41.68,42.76,41.645
12/13/2024,41.76,802297,41.33,42.32,41.08
12/12/2024,41.92,1180287,41.58,42.2351,41.1838
12/11/2024,41.44,575023,40.92,41.63,40.70
12/10/2024,41.92,951120,41.70,42.17,41.34
12/09/2024,41.98,1505682,41.11,42.40,40.94
12/06/2024,41.09,1023237,41.03,41.54,40.82
12/05/2024,41.79,1064046,41.99,42.05,41.50
12/04/2024,41.71,947342,41.01,41.74,40.67
12/03/2024,41.46,898083,42.00,42.60,41.11
12/02/2024,41.95,666415,41.99,42.09,41.52
11/29/2024,41.99,476885,42.395,42.40,41.79
11/27/2024,42.82,582874,43.03,44.16,42.66
11/26/2024,43.01,615218,43.46,43.46,42.59
11/25/2024,43.46,596140,43.74,45.50,43.34
11/22/2024,45.04,796528,46.69,46.86,45.03
11/21/2024,46.97,898487,45.92,48.55,45.74
11/20/2024,47.32,1314375,45.84,49.10,45.61
11/19/2024,45.80,1343459,46.812,46.92,44.592
11/18/2024,44.20,856136,45.54,45.96,43.52
11/15/2024,45.87,1925462,43.58,47.96,43.34
11/14/2024,42.88,1059593,42.73,43.22,42.19
11/13/2024,42.92,1639887,43.69,44.18,42.77
11/12/2024,43.98,1593080,44.27,45.11,43.75
11/11/2024,44.07,1242925,43.75,44.14,43.33
11/08/2024,44.17,1146926,44.40,45.00,43.97
11/07/2024,44.36,1048854,45.03,45.10,44.23
11/06/2024,45.76,1259935,45.712,47.88,45.40
11/05/2024,50.88,1092768,53.00,53.04,50.80
11/04/2024,53.72,1065217,55.56,55.96,53.48
11/01/2024,56.20,894613,55.64,56.3196,54.24
10/31/2024,57.20,1505772,54.40,57.24,54.3548
10/30/2024,52.96,799791,52.24,53.16,51.4004
10/29/2024,51.76,665761,52.24,52.56,51.04
10/28/2024,52.04,1101220,52.28,52.66,51.3228
10/25/2024,54.52,1301602,51.60,54.64,51.06
10/24/2024,52.12,1004641,52.00,54.48,51.78
10/23/2024,53.00,1335826,51.12,54.36,50.98
10/22/2024,50.52,523079,51.40,51.88,50.16
10/21/2024,50.64,593262,50.92,52.00,50.44
10/18/2024,50.60,734744,51.40,51.7164,50.46
10/17/2024,51.80,535829,52.12,52.80,51.6616
10/16/2024,52.68,639343,53.08,53.90,52.32
10/15/2024,53.16,1271309,50.60,53.40,50.24
10/14/2024,51.56,728283,52.64,52.84,50.94
10/11/2024,53.44,759410,54.20,54.20,52.96
10/10/2024,54.00,774789,53.76,54.72,53.44
10/09/2024,53.28,628862,54.28,54.56,53.04
10/08/2024,54.64,1238289,55.04,55.60,53.97
10/07/2024,56.92,2074850,53.20,57.36,53.12
10/04/2024,52.36,1519908,53.08,54.06,52.04
10/03/2024,54.28,1558481,53.28,54.64,52.32
10/02/2024,52.00,1490329,52.92,54.40,51.76
10/01/2024,52.84,2868990,49.08,53.44,48.96
09/30/2024,49.00,1237414,50.24,51.48,48.9376
09/27/2024,50.04,932705,47.84,50.08,47.724
09/26/2024,47.80,888054,47.60,48.36,47.42
09/25/2024,47.76,564793,47.44,48.00,46.88
09/24/2024,47.24,740611,46.92,48.74,46.58
09/23/2024,47.20,685603,46.56,47.60,46.12
09/20/2024,47.04,1119597,47.56,47.70,46.42
09/19/2024,47.36,1595696,47.40,48.12,46.80
09/18/2024,49.20,1873053,49.52,50.3992,47.00
09/17/2024,49.80,948351,48.60,50.44,48.16
09/16/2024,48.56,900544,48.52,49.80,48.40
09/13/2024,48.24,916171,48.64,48.80,47.1608
09/12/2024,48.44,1251112,49.36,50.44,48.34
09/11/2024,48.76,2286030,50.28,54.9632,48.72
09/10/2024,50.96,1396535,51.32,54.2396,50.80
09/09/2024,51.96,1567621,54.32,54.88,51.3204
09/06/2024,55.40,2597765,50.68,57.84,50.10
09/05/2024,51.72,1685310,53.36,54.04,50.8004
09/04/2024,54.04,2357832,54.28,55.54,50.68
09/03/2024,52.92,2156039,45.36,54.54,45.00
08/30/2024,44.00,904600,44.64,45.4404,43.86
08/29/2024,45.32,1120398,45.48,46.02,44.64
08/28/2024,47.00,1254587,44.64,47.696,44.42
08/27/2024,44.44,537774,46.08,46.42,44.44
08/26/2024,45.48,965684,45.16,46.4852,45.04
08/23/2024,45.40,1119054,47.08,47.58,45.20
08/22/2024,48.32,1170061,45.96,48.60,45.74
08/21/2024,46.24,1191571,45.56,47.48,45.48
08/20/2024,45.76,1210026,44.40,45.9212,44.08
08/19/2024,43.84,1017612,44.76,45.00,43.54
08/16/2024,44.84,1022720,45.64,45.92,44.4804
08/15/2024,44.88,978769,46.00,46.06,44.2004
08/14/2024,46.60,1108176,48.88,49.32,46.56
08/13/2024,49.96,1398284,52.84,52.92,49.8452
08/12/2024,54.20,1351527,54.12,55.592,50.6428
08/09/2024,54.40,1875810,62.04,63.36,54.00
08/08/2024,62.76,1642463,64.72,66.5596,62.00
08/07/2024,68.24,2677558,61.04,71.0024,59.76
08/06/2024,70.36,2495399,76.68,79.52,61.28
08/05/2024,88.52,10858133,89.40,90.08,71.68
08/02/2024,61.88,11657513,53.80,63.76,53.26
08/01/2024,49.92,2181437,45.60,51.60,45.34
07/31/2024,45.80,845655,45.76,46.08,44.1956
07/30/2024,47.08,1416828,45.40,48.6772,45.2352
07/29/2024,45.68,758288,45.96,46.80,45.2728
07/26/2024,46.40,1265468,47.72,48.04,46.284
07/25/2024,49.20,3663265,48.12,50.56,46.16
07/24/2024,48.80,3020583,44.20,49.16,44.20
07/23/2024,42.84,1199569,43.20,43.48,42.24
07/22/2024,43.24,1431585,44.88,45.00,42.98
07/19/2024,45.72,1826888,44.48,46.2272,43.96
07/18/2024,43.80,2190715,41.68,44.4496,41.40
07/17/2024,42.52,2966013,42.28,43.168,41.684
07/16/2024,41.12,788085,40.64,41.20,40.52
07/15/2024,40.96,1290944,39.92,41.04,39.72
07/12/2024,40.16,922928,40.24,40.28,39.56
07/11/2024,40.84,2536093,40.28,41.46,40.18
07/10/2024,40.72,552606,40.72,40.92,40.20
07/09/2024,40.80,612197,40.64,41.0632,40.52
07/08/2024,40.80,604393,41.00,41.0396,40.48
07/05/2024,41.48,644559,41.20,41.80,41.12
07/03/2024,41.36,462121,41.16,41.46,40.92
07/02/2024,41.16,487465,41.92,41.92,41.00
07/01/2024,41.66,540165,42.88,43.0436,41.64
06/28/2024,43.40,667319,42.88,43.44,42.52
06/27/2024,42.72,457503,43.04,43.20,42.72
06/26/2024,43.08,740297,43.68,43.88,43.0592
06/25/2024,43.52,463628,44.40,44.68,43.44
06/24/2024,44.52,753111,44.96,45.12,43.96
06/21/2024,44.76,875265,45.90,46.44,44.36
06/20/2024,45.56,1337592,44.04,45.88,43.98
06/18/2024,44.00,836427,43.88,44.56,43.68
06/17/2024,44.32,681949,44.64,45.08,43.80
06/14/2024,44.64,1565799,44.16,45.40,43.92
06/13/2024,43.20,747972,43.20,44.38,42.9248
06/12/2024,43.20,1289757,43.16,43.6008,42.88
06/11/2024,44.16,768598,44.64,45.26,43.96
06/10/2024,44.20,884412,44.80,45.02,43.92
06/07/2024,44.08,626925,44.56,44.78,43.80
06/06/2024,44.52,858198,44.64,45.1596,44.40
06/05/2024,44.84,661586,45.20,46.16,44.72
06/04/2024,45.76,815823,46.20,47.06,45.5576
06/03/2024,45.52,981357,45.20,47.24,45.14
05/31/2024,45.76,1474702,46.44,48.48,45.66
05/30/2024,47.28,1006949,47.48,48.16,46.40
05/29/2024,47.36,1019958,47.72,47.82,46.62
05/28/2024,45.68,1420970,44.56,46.40,44.44
05/24/2024,44.56,965376,45.72,45.80,44.44
05/23/2024,46.12,2060354,44.40,46.58,44.24
05/22/2024,45.52,1358217,44.68,45.88,44.14
05/21/2024,44.40,825538,45.44,45.44,44.2836
05/20/2024,45.44,750533,45.20,45.56,44.76
05/17/2024,45.32,666271,45.76,45.94,45.08
05/16/2024,45.72,709306,45.76,46.24,45.64
05/15/2024,45.72,844579,46.60,47.12,45.72
05/14/2024,47.68,587273,48.40,48.78,47.44
05/13/2024,48.60,712970,47.88,48.80,47.7604
05/10/2024,47.96,610352,48.48,48.72,47.88
05/09/2024,48.56,506767,48.88,49.30,48.52
05/08/2024,48.84,422661,49.32,49.40,48.76
05/07/2024,49.28,642337,49.20,49.7196,49.20
05/06/2024,49.48,425633,50.04,50.1012,49.48
05/03/2024,50.76,967398,50.80,51.7824,50.56
05/02/2024,52.56,798681,53.20,54.72,52.36
05/01/2024,54.28,1645404,54.68,55.10,52.04
04/30/2024,54.16,929651,52.92,54.20,52.08
04/29/2024,52.68,627286,52.96,53.60,52.12
04/26/2024,53.40,711833,53.68,54.12,53.14
04/25/2024,55.20,1562909,57.04,57.84,54.90
04/24/2024,54.00,1057749,54.28,55.5416,53.92
04/23/2024,54.48,889063,55.56,55.88,54.24
04/22/2024,56.80,1245885,59.08,59.20,56.08
04/19/2024,61.44,2188143,60.20,62.44,59.00
04/18/2024,60.00,1639804,58.72,60.72,57.9372
04/17/2024,59.48,1910412,59.80,62.08,58.48
04/16/2024,60.04,2889613,61.80,62.28,58.92
04/15/2024,62.12,3531460,57.04,62.36,56.40
04/12/2024,58.80,3235600,56.68,61.60,56.58
04/11/2024,54.04,1567041,55.28,57.44,53.88
04/10/2024,55.08,2517033,55.64,57.20,54.92
04/09/2024,54.24,1715951,54.24,56.52,53.8796
04/08/2024,54.48,1105313,55.72,56.12,54.08
04/05/2024,56.76,2039977,56.36,57.40,54.84
04/04/2024,55.68,2448359,52.36,57.28,51.84
04/03/2024,53.28,1069532,54.28,54.60,52.60
04/02/2024,53.52,2163871,53.96,55.44,53.48
04/01/2024,52.12,1097621,51.68,53.00,51.38
03/28/2024,51.84,927093,50.92,51.84,50.64
03/27/2024,50.72,741481,51.04,52.00,50.72
03/26/2024,51.72,730471,51.48,51.76,50.88
03/25/2024,51.92,642459,52.32,52.3204,51.44
03/22/2024,52.28,720317,52.24,52.52,51.40
03/21/2024,52.00,949458,51.76,52.68,51.54
03/20/2024,52.28,1867962,53.72,53.96,52.2552
03/19/2024,53.68,1130228,55.20,55.52,53.60
03/18/2024,55.12,1022236,55.68,55.68,54.68
03/15/2024,56.32,1688184,56.16,58.56,55.64
03/14/2024,55.32,1674011,53.60,57.50,53.28
03/13/2024,53.84,640617,54.04,54.44,53.64
03/12/2024,54.20,1331207,55.72,56.40,54.104
03/11/2024,57.04,1445038,58.12,59.12,56.52
03/08/2024,57.60,1682060,55.36,59.5156,54.96
03/07/2024,56.08,868384,55.22,56.84,55.16
03/06/2024,56.48,1418083,54.84,56.88,54.60
03/05/2024,56.20,1810530,54.56,57.876,54.4404
03/04/2024,54.04,441371,53.80,54.32,53.70
03/01/2024,54.08,976470,53.4884,54.4016,53.1196
02/29/2024,53.96,834767,53.84,55.20,53.72
02/28/2024,54.72,786478,54.36,55.12,54.08
02/27/2024,53.88,446323,54.36,54.48,53.76
02/26/2024,54.80,514164,55.08,55.12,54.6004
02/23/2024,55.36,698017,56.60,56.98,55.32
02/22/2024,57.60,1237227,56.44,57.66,55.72
02/21/2024,58.80,988348,59.52,60.08,58.54
02/20/2024,59.04,1269800,58.20,60.70,57.92
02/16/2024,57.32,1229355,57.80,58.28,56.24
02/15/2024,57.40,916893,57.24,58.6004,56.98
02/14/2024,57.88,1738816,58.68,59.9952,57.64
02/13/2024,61.20,2642385,58.96,64.96,58.40
02/12/2024,57.00,1014343,55.52,57.66,55.36
02/09/2024,56.00,611820,55.20,56.04,54.76
02/08/2024,55.48,432030,55.60,56.44,55.28
02/07/2024,55.76,593546,55.48,56.24,55.36
02/06/2024,56.04,580300,56.80,57.48,55.88
02/05/2024,57.48,712135,59.16,60.40,57.22
02/02/2024,59.60,793700,59.48,60.16,58.60
02/01/2024,59.76,1014627,59.48,60.88,58.60
01/31/2024,60.32,2035296,57.60,60.80,57.32
01/30/2024,57.36,566575,57.96,58.04,57.20
01/29/2024,58.44,610649,57.96,58.92,57.72
01/26/2024,57.72,565336,58.08,58.56,57.12
01/25/2024,58.36,643934,57.36,58.42,57.12
01/24/2024,57.68,995664,55.60,57.68,55.52
01/23/2024,56.20,524635,57.12,57.16,56.064
01/22/2024,57.68,638460,59.00,59.42,57.56
01/19/2024,59.76,842591,60.12,60.48,59.28
01/18/2024,61.20,707942,61.92,63.36,61.0532
01/17/2024,63.52,1395526,63.20,64.96,62.0064
01/16/2024,61.20,1278894,60.72,62.512,59.88
01/12/2024,59.24,1004346,58.00,59.40,57.92
01/11/2024,58.32,1164914,57.64,60.3204,57.56
01/10/2024,58.56,549101,58.76,59.00,58.24
01/09/2024,59.16,682917,61.24,61.24,59.00
01/08/2024,60.48,644985,62.00,62.24,59.80
01/05/2024,62.00,1032778,63.50,63.60,61.44
01/04/2024,64.12,779157,64.28,64.40,62.82
01/03/2024,64.20,1473800,63.08,65.16,62.12
01/02/2024,62.04,1430870,63.60,64.66,61.52
12/29/2023,62.04,940982,61.64,63.42,61.40
12/28/2023,61.80,637988,61.68,62.60,61.48
12/27/2023,61.90,733007,64.04,64.08,61.84
12/26/2023,64.50,383780,66.16,66.4844,64.44
12/22/2023,66.32,819440,67.60,69.12,66.2428
12/21/2023,67.88,1329888,68.48,70.12,67.3604
12/20/2023,69.60,1478725,65.36,70.38,64.84
12/19/2023,65.56,484846,64.98,65.6828,64.62
12/18/2023,64.56,514661,64.36,64.80,64.16
12/15/2023,64.40,876847,62.64,64.68,62.36
12/14/2023,62.44,889776,62.04,64.2716,61.96
12/13/2023,62.68,843948,63.20,64.08,62.36
12/12/2023,63.52,705755,64.52,64.80,63.04
12/11/2023,65.36,375650,66.68,66.80,65.24
12/08/2023,66.80,564384,68.36,68.36,66.72
12/07/2023,68.80,347275,68.60,69.24,68.36
12/06/2023,68.80,504726,67.64,69.26,67.36
12/05/2023,68.36,528439,69.28,69.36,68.36
12/04/2023,69.00,772786,69.82,71.12,68.84
12/01/2023,68.60,650297,68.80,69.00,67.88
11/30/2023,69.04,662224,69.68,70.56,68.84
11/29/2023,70.16,705422,68.40,70.40,68.36
11/28/2023,69.12,581995,69.80,70.28,68.68
11/27/2023,69.96,478127,70.12,70.20,69.56
11/24/2023,69.56,329062,72.20,72.40,69.28
11/22/2023,72.68,744962,71.20,73.36,70.98
11/21/2023,72.00,660403,73.88,73.88,71.8128
11/20/2023,73.56,582891,73.76,73.80,72.7604
11/17/2023,74.12,553777,74.96,75.56,73.8412
11/16/2023,75.24,806375,76.44,76.80,75.16
11/15/2023,76.40,702780,76.96,77.44,76.16
11/14/2023,78.12,836342,75.96,78.26,75.72
11/13/2023,78.92,861378,80.08,80.56,77.96
11/10/2023,79.52,1107367,81.64,81.68,78.88
11/09/2023,83.08,1227794,79.08,83.76,78.88
11/08/2023,79.92,758559,80.40,82.3628,79.54
11/07/2023,81.36,737302,81.68,82.448,80.88
11/06/2023,81.80,710641,83.60,84.22,81.72
11/03/2023,84.60,510558,85.24,85.68,84.00
11/02/2023,86.64,589175,87.64,89.08,86.52
11/01/2023,89.60,941915,93.00,93.00,89.24
10/31/2023,93.68,687134,99.48,100.56,93.56
10/30/2023,100.28,854939,104.04,104.24,99.96
10/27/2023,108.16,1415505,102.56,108.80,101.36
10/26/2023,104.76,1339979,104.02,107.80,102.22
10/25/2023,103.80,1213926,98.00,106.12,97.92
10/24/2023,97.64,833951,99.36,102.08,97.12
10/23/2023,102.04,1244970,107.68,109.32,98.68
10/20/2023,105.76,1498770,105.12,107.68,102.72
10/19/2023,104.92,2073111,98.52,105.44,97.12
10/18/2023,99.92,1895478,96.16,101.30,95.56
10/17/2023,94.16,919444,95.08,96.00,90.1204
10/16/2023,91.64,1630220,97.24,97.60,91.32
10/13/2023,101.48,2283227,90.00,103.52,89.52
10/12/2023,90.48,1600252,87.40,94.00,85.64
10/11/2023,88.52,1025645,88.96,93.12,87.88
10/10/2023,90.12,959450,92.04,92.28,88.88
10/09/2023,93.24,795851,98.00,99.0404,93.20
10/06/2023,94.48,1573969,98.88,101.10,92.56
10/05/2023,95.88,1208914,97.16,101.48,95.76
10/04/2023,97.02,1367104,100.52,101.92,96.72
10/03/2023,102.24,1747839,96.20,103.80,94.52
10/02/2023,93.52,1197064,93.52,95.52,90.96
09/29/2023,93.20,1221423,87.96,93.40,87.40
09/28/2023,91.60,1313966,95.96,97.08,90.7236
09/27/2023,95.84,1444967,97.24,101.72,95.80
09/26/2023,100.68,1349002,93.68,100.68,92.60
09/25/2023,91.40,1151198,94.12,95.1016,91.08
09/22/2023,91.60,1034615,90.92,91.92,88.24
09/21/2023,91.40,1537839,88.68,91.48,86.7996
09/20/2023,84.64,1153540,80.28,84.96,79.74
09/19/2023,81.60,1031275,82.16,84.08,81.12
09/18/2023,82.16,909837,83.68,84.32,80.8128
09/15/2023,82.72,1096368,80.12,82.96,79.32
09/14/2023,79.68,637379,80.88,81.20,79.48
09/13/2023,82.20,656292,82.92,83.24,81.56
09/12/2023,83.68,654041,84.04,84.40,82.20
09/11/2023,83.04,665591,83.60,84.84,82.7328
09/08/2023,85.24,772854,86.68,86.68,83.80
09/07/2023,86.96,703560,89.84,90.76,86.36
09/06/2023,87.12,748866,85.80,88.92,85.44
09/05/2023,85.76,547645,85.20,86.58,84.12
09/01/2023,84.88,716581,84.48,85.60,83.96
08/31/2023,86.08,580280,87.80,87.84,85.56
08/30/2023,87.60,733751,89.76,90.48,87.48
08/29/2023,90.68,847717,92.84,92.96,89.88
08/28/2023,93.12,716751,95.00,95.40,92.94
08/25/2023,96.80,1454771,100.04,102.48,95.98
08/24/2023,101.20,1070933,96.00,101.64,95.4496
08/23/2023,97.48,678738,99.60,99.76,97.076
08/22/2023,100.84,824262,98.16,102.48,98.16
08/21/2023,100.44,1017122,101.76,103.76,99.84
08/18/2023,103.12,1846621,109.00,109.44,102.1196
08/17/2023,105.80,1642445,99.48,105.80,98.84
08/16/2023,100.92,1459932,99.24,101.08,96.32
08/15/2023,99.32,1620759,95.44,100.16,95.28
08/14/2023,93.92,1067930,97.00,98.48,93.56
08/11/2023,95.56,1845572,101.20,101.80,95.18
08/10/2023,99.48,2710660,95.68,102.32,93.56
08/09/2023,99.12,2112393,98.92,103.10,96.78
08/08/2023,100.16,2311057,102.20,109.00,99.68
08/07/2023,98.00,1435534,101.08,102.08,97.88
08/04/2023,103.44,1510308,96.48,104.20,94.64
08/03/2023,99.96,1455711,103.76,105.36,98.52
08/02/2023,100.52,1777609,97.68,102.76,97.36
08/01/2023,91.88,708419,93.08,93.76,91.80
07/31/2023,90.68,542028,91.44,92.52,90.48
07/28/2023,91.60,1129296,91.84,94.12,90.64
07/27/2023,95.52,2035123,89.00,97.40,88.96
07/26/2023,90.84,975170,94.32,94.32,90.56
07/25/2023,93.24,645132,93.44,93.70,91.48
07/24/2023,93.36,695246,94.72,94.86,92.52
07/21/2023,94.92,896114,94.92,95.56,93.16
07/20/2023,96.16,779726,96.96,97.84,94.92
07/19/2023,96.32,751386,93.24,96.76,93.08
07/18/2023,94.24,641730,95.36,95.72,93.68
07/17/2023,95.76,484203,96.20,96.20,93.88
07/14/2023,95.96,573742,97.08,98.32,95.2332
07/13/2023,97.12,508502,94.68,97.16,93.92
07/12/2023,96.48,826790,98.56,98.88,96.20
07/11/2023,102.20,751049,100.96,103.80,100.44
07/10/2023,103.04,656393,104.16,105.32,102.72
07/07/2023,103.88,760672,107.52,107.68,102.24
07/06/2023,106.28,1633895,105.72,115.84,105.36
07/05/2023,100.96,376466,100.88,101.24,99.52
07/03/2023,99.04,144025,99.40,100.60,99.04
06/30/2023,99.84,333313,100.36,101.00,98.90
06/29/2023,101.68,444039,100.04,102.20,99.84
06/28/2023,99.40,379951,102.44,102.64,99.40
06/27/2023,103.24,405760,105.06,105.12,101.20
06/26/2023,105.84,498092,106.60,106.60,103.7216
06/23/2023,106.24,787193,107.36,108.68,104.68
06/22/2023,105.00,328310,108.60,108.90,104.20
06/21/2023,107.20,448100,108.20,109.40,107.00
06/20/2023,109.60,419920,110.60,112.20,109.60
06/16/2023,109.20,409258,113.60,114.20,109.20
06/15/2023,113.80,344893,109.80,113.80,109.40
06/14/2023,110.60,478157,113.60,113.90,110.40
06/13/2023,113.80,388572,112.60,114.71,112.198
06/12/2023,114.40,306103,114.40,116.00,113.60
06/09/2023,114.00,455406,112.60,115.40,112.20
06/08/2023,112.80,428080,116.40,117.00,112.00
06/07/2023,116.00,696431,116.20,118.00,115.40
06/06/2023,115.20,639675,121.80,122.50,115.20
06/05/2023,122.60,336702,125.20,125.80,122.40
06/02/2023,125.20,490395,127.00,128.20,123.90
06/01/2023,130.40,458192,136.00,136.80,130.20
05/31/2023,138.00,265120,140.40,142.40,137.00
05/30/2023,139.20,428415,137.60,144.00,136.90
05/26/2023,143.00,293468,145.40,145.70,139.398
05/25/2023,148.80,377063,148.20,151.60,147.40
05/24/2023,152.60,477844,150.40,154.00,150.00
05/23/2023,146.40,622342,145.60,148.80,142.314
05/22/2023,144.20,355447,144.00,147.20,141.60
05/19/2023,143.80,532126,139.20,146.90,138.282
05/18/2023,140.00,332475,145.40,146.10,139.80
05/17/2023,145.80,350559,147.40,149.20,145.40
05/16/2023,150.80,309608,148.20,151.20,146.80
05/15/2023,147.00,292027,149.40,151.20,146.60
05/12/2023,150.40,584885,149.20,154.40,148.086
05/11/2023,150.60,363538,154.00,157.40,150.20
05/10/2023,152.00,448748,152.00,158.806,150.00
05/09/2023,156.60,246562,156.00,157.40,154.60
05/08/2023,153.40,207641,154.80,157.20,153.00
05/05/2023,156.00,311810,162.20,162.60,154.99
05/04/2023,169.00,687785,164.80,173.60,163.00
05/03/2023,161.00,715362,157.60,161.40,153.00
05/02/2023,156.60,897612,152.60,166.606,152.20
05/01/2023,149.70,339567,150.80,151.198,146.00
04/28/2023,151.60,387858,157.40,157.60,151.60
04/27/2023,158.40,329890,159.80,160.30,156.40
04/26/2023,165.60,507105,167.40,168.802,161.00
04/25/2023,170.00,838868,159.20,171.00,157.80
04/24/2023,157.40,329125,158.20,159.80,156.60
04/21/2023,157.80,312426,159.60,162.206,157.20
04/20/2023,160.80,286161,160.60,162.00,156.644
04/19/2023,157.40,279319,158.60,159.40,155.516
04/18/2023,157.60,247851,158.40,160.20,156.20
04/17/2023,159.00,374448,162.40,162.796,158.00
04/14/2023,163.60,251820,167.00,168.40,163.20
04/13/2023,166.20,315668,169.00,169.50,165.40
04/12/2023,172.00,426501,168.00,173.90,167.50
04/11/2023,171.80,176613,171.50,172.60,169.00
04/10/2023,173.20,204679,176.80,177.80,172.20
04/06/2023,175.00,231643,179.40,181.20,173.40
04/05/2023,178.20,306092,180.80,184.20,177.60
04/04/2023,179.40,406041,177.80,184.60,177.00
04/03/2023,176.20,251641,180.60,184.00,176.00
03/31/2023,181.00,245958,180.80,181.60,178.08
03/30/2023,181.60,236511,180.80,187.70,180.00
03/29/2023,181.80,236688,182.60,184.918,180.40
03/28/2023,188.00,259017,192.80,194.30,187.60
03/27/2023,192.40,288085,195.80,199.00,191.50
03/24/2023,200.20,579375,214.40,223.60,200.00
03/23/2023,209.00,562277,196.80,212.00,189.80
03/22/2023,202.80,566978,195.00,203.60,188.60
03/21/2023,195.40,423344,204.40,204.40,194.80
03/20/2023,215.20,581854,225.80,228.80,213.80
03/17/2023,224.60,1209097,209.60,228.40,206.00
03/16/2023,203.20,818054,229.80,231.40,202.50
03/15/2023,222.40,1560005,225.40,243.20,218.296
03/14/2023,206.80,521597,203.80,214.40,195.30
03/13/2023,219.00,1391294,234.80,240.20,214.70
03/10/2023,212.40,1572139,193.40,232.40,193.00
03/09/2023,192.20,553653,172.00,192.80,170.90
03/08/2023,173.40,222906,177.80,178.20,172.80
03/07/2023,177.00,277769,173.00,178.00,170.20
03/06/2023,173.40,195969,174.40,175.00,172.00
03/03/2023,175.20,272673,179.20,179.90,175.00
03/02/2023,181.00,271754,191.40,191.60,180.802
03/01/2023,187.60,262625,187.40,192.20,184.20
02/28/2023,186.40,179873,189.60,190.00,184.074
02/27/2023,190.60,213024,192.60,192.60,188.40
02/24/2023,197.60,512383,197.00,202.50,196.00
02/23/2023,190.40,339670,192.40,198.84,189.00
02/22/2023,197.00,382525,203.40,205.81,195.80
02/21/2023,203.40,494037,197.42,204.20,194.676
02/17/2023,189.00,382938,191.60,195.80,188.00
02/16/2023,188.00,419042,183.80,188.30,179.80
02/15/2023,178.60,236384,182.80,183.40,178.20
02/14/2023,182.20,333582,186.40,189.10,180.00
02/13/2023,189.40,220593,192.80,194.20,188.40
02/10/2023,196.40,292485,197.40,201.40,194.80
02/09/2023,193.80,263473,184.80,194.80,183.00
02/08/2023,188.60,279075,183.60,191.50,180.70
02/07/2023,181.20,309721,188.20,188.80,179.60
02/06/2023,187.00,246386,184.60,187.978,183.266
02/03/2023,182.20,352155,186.20,188.80,180.60
02/02/2023,181.00,513476,173.00,186.00,171.70
02/01/2023,176.60,441299,182.60,186.80,174.90
01/31/2023,183.00,239562,187.00,188.00,181.20
01/30/2023,187.20,291760,186.20,190.20,185.002
01/27/2023,182.00,490986,185.40,185.60,178.40
01/26/2023,185.20,410429,185.20,189.20,184.00
01/25/2023,187.50,303378,193.00,199.20,186.90
01/24/2023,187.80,235795,195.80,196.30,186.60
01/23/2023,194.60,262771,196.60,197.70,193.80
01/20/2023,196.60,319553,202.60,204.40,195.40
01/19/2023,203.60,328338,208.00,210.40,200.80
01/18/2023,202.60,423083,193.20,204.20,192.40
01/17/2023,196.00,259418,197.40,199.00,193.89
01/13/2023,194.40,414603,200.00,200.40,192.20
01/12/2023,199.20,254376,205.00,208.20,198.70
01/11/2023,209.60,141579,207.20,210.40,206.80
01/10/2023,208.40,188146,218.20,218.726,207.874
01/09/2023,217.60,159231,215.20,219.80,213.20
01/06/2023,216.40,205257,217.40,220.00,213.10
01/05/2023,221.60,184385,222.20,225.20,220.20
01/04/2023,219.80,190225,224.20,226.006,219.40
01/03/2023,226.60,236260,226.00,234.20,224.20
12/30/2022,227.60,185595,231.00,233.20,227.60
12/29/2022,228.60,153912,227.40,228.60,225.20
12/28/2022,231.60,249842,229.20,232.30,225.40
12/27/2022,231.80,260889,232.20,236.40,230.11
12/23/2022,231.60,256075,238.20,240.20,230.09
12/22/2022,238.20,560950,227.60,249.00,226.70
12/21/2022,226.40,273388,229.20,230.33,224.80
12/20/2022,234.80,406657,237.40,241.40,232.10
12/19/2022,236.80,361087,241.40,241.60,232.80
12/16/2022,243.20,419546,247.00,250.20,239.60
12/15/2022,241.80,503835,231.80,247.00,230.20
12/14/2022,227.20,480729,234.60,237.90,226.40
12/13/2022,236.00,390046,232.20,244.60,231.20
12/12/2022,246.20,201229,247.00,248.60,243.49
12/09/2022,247.80,218033,243.20,248.20,241.20
12/08/2022,242.20,154930,246.40,249.276,240.40
12/07/2022,247.00,301277,245.20,249.10,243.00
12/06/2022,243.60,264392,235.38,245.60,232.80
12/05/2022,237.00,340005,235.60,241.20,231.80
12/02/2022,232.40,307033,242.20,242.20,232.00
12/01/2022,237.20,368710,240.20,245.40,236.40
11/30/2022,241.20,395880,250.80,254.986,239.20
11/29/2022,250.80,195618,253.00,256.00,249.40
11/28/2022,254.20,240189,250.40,256.416,247.114
11/25/2022,245.20,145618,246.80,247.00,244.00
11/23/2022,244.20,252125,249.60,250.90,243.60
11/22/2022,249.60,203311,256.20,256.30,248.894
11/21/2022,258.60,221226,266.20,266.598,257.80
11/18/2022,265.60,209907,265.60,271.20,265.00
11/17/2022,268.40,213983,277.60,277.80,267.80
11/16/2022,270.80,265300,275.00,276.40,270.40
11/15/2022,278.00,508370,268.20,286.40,267.998
11/14/2022,274.80,248889,275.40,276.00,267.594
11/11/2022,275.00,259305,280.60,282.60,274.402
11/10/2022,278.20,362758,277.80,280.60,272.10
11/09/2022,294.20,290268,286.00,296.798,286.00
11/08/2022,285.60,209694,275.20,288.60,275.00
11/07/2022,278.20,168519,280.00,281.80,275.00
11/04/2022,280.80,327543,278.20,287.00,272.80
11/03/2022,284.20,446275,294.80,298.00,281.80
11/02/2022,290.60,488838,285.40,292.00,280.40
11/01/2022,283.00,330556,282.70,287.80,282.40
10/31/2022,285.80,292989,292.80,292.80,285.40
10/28/2022,290.20,369725,297.40,297.70,288.20
10/27/2022,297.20,287754,301.60,303.40,295.798
10/26/2022,303.20,396538,313.20,313.232,301.80
10/25/2022,310.40,381152,323.60,324.59,309.602
10/24/2022,323.20,412153,324.80,333.202,322.40
10/21/2022,328.40,552293,327.80,330.00,321.432
10/20/2022,329.60,401499,332.00,334.60,322.90
10/19/2022,333.80,382025,334.00,339.50,329.40
10/18/2022,331.40,371589,331.00,340.30,329.60
10/17/2022,338.00,385895,336.40,339.10,330.90
10/14/2022,346.80,683867,332.60,353.574,330.80
10/13/2022,339.80,732684,355.40,355.60,336.60
10/12/2022,349.80,425517,351.60,353.90,345.60
10/11/2022,353.00,641466,349.60,357.90,341.60
10/10/2022,347.60,559252,341.40,356.20,340.80
10/07/2022,339.40,596600,330.60,342.20,329.40
10/06/2022,326.00,523759,314.40,327.80,312.50
10/05/2022,316.80,470704,319.80,327.00,314.20
10/04/2022,314.40,479413,313.20,318.80,311.60
10/03/2022,326.20,477527,331.60,335.00,320.40
09/30/2022,342.00,531511,337.40,343.00,324.50
09/29/2022,334.40,734553,333.80,348.80,333.80
09/28/2022,325.20,521102,336.60,342.60,321.20
09/27/2022,339.20,899913,325.80,347.80,323.80
09/26/2022,334.20,915233,330.20,337.30,317.20
09/23/2022,323.00,1289710,311.80,337.50,311.00
09/22/2022,304.40,524664,303.20,310.80,299.00
09/21/2022,306.20,800926,292.60,306.20,286.30
09/20/2022,296.60,696058,293.40,300.40,290.64
09/19/2022,287.00,784822,301.00,301.60,284.80
09/16/2022,296.40,639453,304.00,311.20,294.30
09/15/2022,296.40,732880,298.00,299.20,289.20
09/14/2022,297.00,797818,297.20,302.60,293.602
09/13/2022,297.60,1210734,286.20,302.40,282.00
09/12/2022,273.80,584045,270.00,277.40,267.70
09/09/2022,275.20,359296,273.20,275.30,270.322
09/08/2022,278.00,622609,287.20,289.60,277.00
09/07/2022,282.40,678902,300.00,300.00,281.40
09/06/2022,298.40,519317,286.20,300.00,285.00
09/02/2022,292.20,614488,279.40,297.00,275.60
09/01/2022,289.60,650535,297.00,304.80,288.60
08/31/2022,291.80,402343,291.40,296.40,287.30
08/30/2022,297.60,634906,290.60,303.20,289.80
08/29/2022,292.60,625192,299.40,300.80,289.608
08/26/2022,295.40,737538,270.60,296.50,267.60
08/25/2022,268.20,288593,274.60,277.40,267.70
08/24/2022,277.60,292105,285.20,286.20,275.80
08/23/2022,287.00,415267,290.60,292.30,282.00
08/22/2022,292.00,555690,286.00,293.40,282.80
08/19/2022,274.20,605700,267.00,279.10,265.70
08/18/2022,261.20,299661,265.40,267.90,260.60
08/17/2022,265.40,580607,269.60,272.40,262.00
08/16/2022,266.60,439778,265.40,269.40,263.30
08/15/2022,264.60,257892,272.60,272.80,262.80
08/12/2022,268.80,335571,270.00,271.40,262.80
08/11/2022,272.20,543286,268.80,277.60,267.20
08/10/2022,270.00,358565,276.00,277.70,268.80
08/09/2022,286.40,264788,288.20,290.70,283.80
08/08/2022,284.40,459139,283.20,289.40,276.00
08/05/2022,282.80,326513,296.40,296.40,282.42
08/04/2022,290.20,297953,291.60,296.80,289.50
08/03/2022,289.20,313998,298.60,299.374,287.60
08/02/2022,304.40,482240,305.20,310.80,294.20
08/01/2022,301.40,378722,296.20,302.40,292.00
07/29/2022,291.20,286986,293.20,296.00,289.40
07/28/2022,294.00,447017,306.00,310.00,293.80
07/27/2022,310.00,430913,313.00,313.50,303.60
07/26/2022,319.80,354035,316.20,325.20,315.20
07/25/2022,312.60,446650,315.60,318.00,310.00
07/22/2022,316.60,428044,318.00,326.00,314.80
07/21/2022,318.20,434989,325.40,330.30,318.00
07/20/2022,326.60,476749,331.20,333.598,324.40
07/19/2022,334.00,407322,332.00,334.40,327.20
07/18/2022,338.80,371169,327.20,341.598,324.40
07/15/2022,329.20,377487,339.20,341.70,328.60
07/14/2022,346.80,383614,357.00,362.60,345.80
07/13/2022,346.20,370905,360.40,361.60,342.80
07/12/2022,351.60,267950,348.80,355.20,341.00
07/11/2022,348.20,261016,344.00,350.70,341.70
07/08/2022,338.60,278113,347.00,347.00,335.90
07/07/2022,345.80,230966,347.40,348.00,340.602
07/06/2022,349.60,270262,356.20,361.60,347.80
07/05/2022,355.40,427400,368.60,376.00,354.30
07/01/2022,355.60,354559,368.60,375.20,354.20
06/30/2022,365.00,466435,369.20,379.60,362.10
06/29/2022,361.60,351541,363.00,370.00,357.40
06/28/2022,360.60,460355,346.40,363.90,343.20
06/27/2022,350.40,379775,359.00,363.20,349.40
06/24/2022,361.60,304879,361.80,362.90,356.40
06/23/2022,369.20,495119,366.40,378.40,365.60
06/22/2022,369.20,460401,390.80,392.20,368.00
06/21/2022,384.20,395453,376.80,385.00,370.20
06/17/2022,392.00,488560,402.40,409.00,387.60
06/16/2022,403.80,776595,399.20,414.80,395.998
06/15/2022,379.60,746022,393.20,394.938,366.60
06/14/2022,403.60,596567,412.60,418.80,399.20
06/13/2022,416.20,744033,393.00,421.30,391.60
06/10/2022,366.80,739487,359.60,374.60,356.00
06/09/2022,346.00,377116,336.00,347.40,330.00
06/08/2022,330.00,270197,334.40,337.60,328.00
06/07/2022,330.00,260225,347.40,348.40,329.50
06/06/2022,339.40,336701,337.00,344.60,334.70
06/03/2022,343.40,392487,346.80,351.40,341.40
06/02/2022,340.20,368345,348.60,350.80,334.40
06/01/2022,347.40,489939,345.40,365.742,341.80
05/31/2022,349.80,380873,363.40,371.20,347.60
05/27/2022,355.80,346828,360.80,364.20,355.20
05/26/2022,369.80,307438,369.80,371.80,365.00
05/25/2022,373.80,390234,388.60,388.90,369.80
05/24/2022,382.40,609638,389.00,400.00,379.70
05/23/2022,380.60,442387,379.00,391.998,374.00
05/20/2022,386.60,833838,372.40,414.80,370.90
05/19/2022,384.80,652020,418.40,420.80,383.20
05/18/2022,411.40,628101,367.00,413.60,364.60
05/17/2022,358.80,392728,357.40,366.20,354.00
05/16/2022,367.80,451355,381.40,384.50,367.40
05/13/2022,383.60,504983,395.60,399.70,383.60
05/12/2022,410.20,812035,425.00,434.40,408.00
05/11/2022,417.60,932790,422.80,427.40,400.00
05/10/2022,421.40,702057,414.80,438.00,412.60
05/09/2022,435.80,1184820,421.40,440.00,416.80
05/06/2022,403.60,1301255,415.00,438.00,402.00
05/05/2022,409.00,1581682,356.60,418.00,353.50
05/04/2022,347.40,1051069,377.40,383.00,344.60
05/03/2022,382.40,909444,400.40,404.80,381.00
05/02/2022,407.00,777310,415.00,435.40,404.00
04/29/2022,412.60,912655,389.00,415.20,376.90
04/28/2022,383.40,630493,383.60,394.40,366.00
04/27/2022,404.40,818016,397.80,405.00,380.558
04/26/2022,396.20,976966,364.00,398.00,364.00
04/25/2022,358.60,1348226,372.00,388.80,356.30
04/22/2022,367.20,1148849,327.40,369.80,325.40
04/21/2022,326.40,802590,298.80,332.20,297.60
04/20/2022,304.40,558541,306.00,311.90,301.60
04/19/2022,311.60,445119,327.20,328.50,307.80
04/18/2022,327.80,427859,335.00,335.60,324.00
04/14/2022,332.40,452366,319.40,333.20,314.00
04/13/2022,324.60,379336,349.20,350.20,322.90
04/12/2022,348.00,658555,336.80,349.20,328.60
04/11/2022,344.80,420756,333.40,345.10,329.80
04/08/2022,326.20,430727,330.80,334.40,317.70
04/07/2022,326.20,510531,338.40,345.00,324.00
04/06/2022,336.00,922042,340.00,354.80,333.60
04/05/2022,328.40,481998,307.60,329.80,304.80
04/04/2022,302.80,290422,317.40,319.90,302.80
04/01/2022,320.00,421369,327.00,333.598,319.00
03/31/2022,331.40,440645,318.00,333.60,316.80
03/30/2022,315.80,416164,315.20,326.10,309.70
03/29/2022,312.40,426639,319.80,320.40,310.60
03/28/2022,327.60,347112,336.60,350.00,327.40
03/25/2022,332.60,329554,340.60,349.00,332.20
03/24/2022,342.40,310114,349.40,354.40,339.80
03/23/2022,350.40,370163,360.80,361.40,349.20
03/22/2022,351.00,302488,351.60,354.80,347.80
03/21/2022,357.60,433742,361.40,370.70,348.00
03/18/2022,361.40,410493,386.00,389.80,359.00
03/17/2022,379.20,358619,386.20,390.60,374.60
03/16/2022,385.20,566413,412.40,419.60,385.20
03/15/2022,429.40,655178,438.00,444.40,420.40
03/14/2022,444.00,472141,428.20,457.40,415.80
03/11/2022,430.20,240241,409.40,431.80,408.40
03/10/2022,422.20,228483,447.80,449.60,421.80
03/09/2022,441.40,305001,436.20,444.60,429.00
03/08/2022,460.20,449249,461.20,479.40,436.00
03/07/2022,464.80,326809,429.00,466.264,429.00
03/04/2022,427.00,378820,432.80,446.20,425.40
03/03/2022,410.00,343616,403.00,421.00,397.60
03/02/2022,408.00,346677,429.60,432.60,403.40
03/01/2022,435.20,523375,402.60,440.60,397.20
02/28/2022,393.00,398167,403.20,407.80,384.80
02/25/2022,374.40,503011,387.60,395.20,369.60
02/24/2022,390.40,792061,448.00,448.40,388.20
02/23/2022,403.00,517464,371.20,404.80,370.20
02/22/2022,381.80,645850,388.80,402.10,373.80
02/18/2022,383.80,570938,378.40,393.20,372.45
02/17/2022,374.00,587070,355.00,377.30,353.40
02/16/2022,335.40,482052,355.00,361.60,334.286
02/15/2022,349.00,463890,354.00,363.00,348.60
02/14/2022,379.20,763305,381.00,405.02,376.20
02/11/2022,379.20,925377,334.20,390.00,331.80
02/10/2022,334.80,710721,322.00,342.60,307.00
02/09/2022,306.40,310003,309.40,312.80,305.80
02/08/2022,318.60,327272,330.80,336.20,317.00
02/07/2022,334.00,313895,335.40,338.90,326.40
02/04/2022,343.20,445240,351.40,362.00,332.00
02/03/2022,355.60,497255,337.20,359.10,328.20
02/02/2022,317.40,413939,321.80,330.40,315.40
02/01/2022,323.80,372672,343.40,353.00,323.40
01/31/2022,349.60,487330,379.40,382.40,349.60
01/28/2022,374.60,709495,392.00,409.00,373.20
01/27/2022,400.20,831657,376.80,410.60,370.00
01/26/2022,396.80,1280208,372.60,406.40,355.60
01/25/2022,390.60,1099241,414.00,429.00,378.60
01/24/2022,387.40,1751165,405.00,455.00,380.60
01/21/2022,379.20,952390,353.60,379.60,345.80
01/20/2022,347.00,490431,324.60,349.60,312.00
01/19/2022,332.80,427123,317.80,335.60,316.60
01/18/2022,324.80,442786,314.60,327.70,314.00
01/14/2022,301.60,328807,316.60,318.20,299.20
01/13/2022,306.60,293819,287.80,308.60,284.20
01/12/2022,288.40,267916,287.20,293.80,282.40
01/11/2022,291.40,250793,305.80,312.60,290.502
01/10/2022,301.80,474259,319.60,336.80,300.80
01/07/2022,307.60,271427,316.60,324.60,306.00
01/06/2022,316.80,353862,316.80,322.00,307.40
01/05/2022,314.60,348224,294.60,315.60,287.60
01/04/2022,292.20,214730,290.60,301.00,289.60
01/03/2022,292.40,191865,298.60,304.60,292.20
12/31/2021,303.40,141051,305.00,308.40,300.20
12/30/2021,305.80,149399,303.80,308.40,298.80
12/29/2021,306.00,186842,313.40,317.00,303.00
12/28/2021,313.80,201560,320.00,323.20,313.80
12/27/2021,322.00,176306,327.00,331.60,320.40
12/23/2021,329.60,188583,330.20,331.60,326.00
12/22/2021,333.80,182153,353.20,353.20,333.40
12/21/2021,353.80,194587,360.40,369.00,350.40
12/20/2021,371.60,339776,392.80,406.60,369.40
12/17/2021,359.20,373665,362.20,370.00,345.40
12/16/2021,348.00,345990,327.80,359.20,326.20
12/15/2021,333.60,383042,362.40,376.20,332.60
12/14/2021,359.40,301415,365.20,376.20,355.60
12/13/2021,353.20,277116,343.40,357.20,342.40
12/10/2021,339.60,242115,345.60,357.00,339.00
12/09/2021,363.20,247513,353.40,370.00,347.198
12/08/2021,353.40,167128,371.40,376.20,352.00
12/07/2021,375.40,230907,397.40,397.60,369.602
12/06/2021,420.80,445575,441.20,456.80,419.40
12/03/2021,457.80,883505,416.20,492.80,413.80
12/02/2021,421.00,477034,432.80,440.60,411.40
12/01/2021,445.80,398236,386.60,447.60,372.20
11/30/2021,414.00,459721,384.50,417.20,376.40
11/29/2021,363.00,244922,378.40,381.90,354.00
11/26/2021,419.80,504004,375.60,432.40,369.80
11/24/2021,335.80,195454,349.20,355.20,334.00
11/23/2021,340.80,246925,349.00,355.60,339.00
11/22/2021,348.40,156577,335.80,350.00,333.60
11/19/2021,342.80,132252,340.80,346.60,335.40
11/18/2021,338.20,132056,332.60,342.80,330.60
11/17/2021,335.80,134935,329.00,336.20,327.40
11/16/2021,329.80,99059,332.00,332.00,325.00
11/15/2021,329.00,112226,329.00,340.00,328.60
11/12/2021,333.60,105801,339.60,342.60,331.80
11/11/2021,345.40,100948,344.80,349.80,338.20
11/10/2021,352.20,205182,354.40,361.60,340.60
11/09/2021,346.20,190707,343.00,355.00,342.80
11/08/2021,340.60,109813,335.40,347.20,334.00
11/05/2021,339.80,140831,325.00,342.00,324.00
11/04/2021,328.60,113910,320.60,333.126,318.40
11/03/2021,323.80,124632,337.00,338.60,321.30
11/02/2021,336.00,74893,344.60,344.60,335.20
11/01/2021,345.00,79233,346.80,357.50,344.00
10/29/2021,349.80,91841,356.40,357.00,347.60
10/28/2021,347.60,83574,353.20,354.10,346.40
10/27/2021,358.80,153932,349.80,360.20,341.40
10/26/2021,350.60,166417,340.00,358.20,339.80
10/25/2021,344.00,92496,351.60,357.974,343.60
10/22/2021,354.40,151409,348.40,363.20,344.10
10/21/2021,347.40,100977,361.20,362.998,346.40
10/20/2021,359.20,100274,363.00,363.80,357.40
10/19/2021,362.20,101193,363.00,366.40,359.992
10/18/2021,365.60,110617,379.00,379.40,363.40
10/15/2021,373.20,151769,369.40,374.40,362.40
10/14/2021,373.40,164490,382.20,384.00,372.60
10/13/2021,394.80,155680,400.20,408.20,394.00
10/12/2021,402.40,161993,404.00,411.60,397.60
10/11/2021,410.20,176298,408.80,410.90,394.942
10/08/2021,405.60,146881,408.00,411.80,402.00
10/07/2021,413.40,138902,420.40,420.80,411.394
10/06/2021,429.60,303463,445.00,462.00,427.40
10/05/2021,434.60,190982,447.20,450.60,425.80
10/04/2021,451.20,347719,439.10,466.20,435.20
10/01/2021,438.60,289661,445.00,461.00,427.80
09/30/2021,456.00,346295,443.60,463.40,432.60
09/29/2021,454.80,278175,445.20,458.40,440.00
09/28/2021,448.80,464899,422.80,457.40,419.00
09/27/2021,405.60,158508,404.00,409.416,398.20
09/24/2021,402.00,194785,425.00,425.60,400.80
09/23/2021,414.60,331248,427.60,429.00,412.80
09/22/2021,442.00,361256,456.60,462.80,433.20
09/21/2021,468.40,360981,472.40,496.60,461.20
09/20/2021,486.60,722237,473.60,530.00,462.20
09/17/2021,438.80,251251,414.40,439.80,410.984
09/16/2021,411.80,198823,417.80,427.80,407.20
09/15/2021,416.00,263703,425.20,433.80,412.40
09/14/2021,433.60,253902,420.40,440.00,417.40
09/13/2021,426.80,277115,423.80,446.60,421.20
09/10/2021,441.00,198245,411.40,445.40,407.80
09/09/2021,426.80,190040,420.20,428.00,408.00
09/08/2021,417.60,173055,425.20,432.40,416.40
09/07/2021,418.20,117460,411.40,421.60,410.198
09/03/2021,409.20,153522,412.60,415.80,404.40
09/02/2021,405.40,140712,401.40,413.00,400.60
09/01/2021,406.20,137870,414.00,417.60,403.00
08/31/2021,417.00,157795,420.60,424.60,416.10
08/30/2021,418.40,144058,418.20,423.20,415.60
08/27/2021,422.80,228488,438.60,438.80,419.20
08/26/2021,445.80,255078,433.40,451.00,429.60
08/25/2021,427.20,132779,435.20,437.40,425.924
08/24/2021,437.20,96549,436.60,440.10,434.00
08/23/2021,438.20,171792,441.40,441.40,431.002
08/20/2021,454.00,222136,483.20,486.00,450.20
08/19/2021,490.80,467624,498.00,505.20,473.20
08/18/2021,475.40,399415,451.40,479.40,444.60
08/17/2021,445.00,387446,444.00,467.202,437.802
08/16/2021,431.00,238292,442.40,449.598,430.80
08/13/2021,429.00,105517,423.80,431.60,421.00
08/12/2021,429.00,110496,440.80,442.40,424.20
08/11/2021,438.60,119348,446.50,450.20,436.00
08/10/2021,451.00,115681,453.40,456.80,445.20
08/09/2021,457.40,83852,462.20,466.60,454.40
08/06/2021,462.80,101562,470.60,473.40,462.20
08/05/2021,474.80,93525,482.80,483.20,474.80
08/04/2021,487.60,123478,497.40,498.60,482.30
08/03/2021,488.00,184910,505.80,519.20,487.20
08/02/2021,513.60,171199,488.40,516.20,486.80
07/30/2021,495.40,141303,499.80,500.60,483.20
07/29/2021,482.20,115382,488.00,488.00,479.20
07/28/2021,492.20,169929,499.40,513.80,483.60
07/27/2021,505.00,251096,499.40,530.40,499.20
07/26/2021,488.80,115024,501.40,507.80,488.40
07/23/2021,495.40,116725,487.40,497.70,486.60
07/22/2021,498.60,153408,492.80,506.30,485.90
07/21/2021,489.80,160062,511.00,513.00,488.40
07/20/2021,525.60,260908,567.00,576.20,515.60
07/19/2021,571.20,587353,529.00,606.00,524.20
07/16/2021,499.00,149315,469.60,500.60,466.40
07/15/2021,480.60,191538,485.60,491.20,477.00
07/14/2021,473.60,169352,472.60,490.20,469.20
07/13/2021,485.00,166467,478.20,486.20,468.00
07/12/2021,478.80,106807,482.80,485.00,474.90
07/09/2021,481.40,185037,500.40,503.60,478.80
07/08/2021,517.60,286914,527.00,531.40,507.80
07/07/2021,485.20,142591,479.20,500.60,477.60
07/06/2021,484.00,187516,468.80,498.00,468.20
07/02/2021,472.60,125280,462.60,476.00,459.00
07/01/2021,475.00,117003,477.00,481.00,472.90
06/30/2021,481.60,99166,490.60,493.602,477.60
06/29/2021,486.60,105286,474.00,488.10,472.60
06/28/2021,478.20,91386,474.00,484.60,471.80
06/25/2021,477.40,96640,484.00,489.00,477.00
06/24/2021,484.60,127537,483.00,488.40,481.00
06/23/2021,495.40,131998,499.00,500.40,490.40
06/22/2021,505.40,169540,536.00,538.20,504.80
06/21/2021,530.00,252202,547.40,564.00,524.00
06/18/2021,567.20,434986,546.20,570.80,532.00
06/17/2021,521.80,241542,526.40,533.20,503.60
06/16/2021,525.00,332203,513.80,538.70,504.20
06/15/2021,519.90,124686,511.00,524.20,509.40
06/14/2021,508.40,106470,503.00,518.404,501.20
06/11/2021,504.60,141575,508.80,510.00,500.498
06/10/2021,518.60,176471,536.80,539.40,518.00
06/09/2021,552.00,187796,536.60,555.00,536.20
06/08/2021,543.80,157245,533.00,554.20,532.00
06/07/2021,537.20,135506,546.20,551.40,535.40
06/04/2021,547.00,185435,559.00,559.00,544.00
06/03/2021,577.60,206235,584.00,592.40,568.60
06/02/2021,567.20,165759,574.80,580.00,558.20
06/01/2021,581.40,183623,554.40,582.00,551.20
05/28/2021,567.20,198176,553.20,569.00,550.60
05/27/2021,559.20,254635,581.00,581.40,555.40
05/26/2021,587.80,284822,607.80,609.80,584.99
05/25/2021,616.80,123722,612.80,628.00,612.00
05/24/2021,616.80,126086,633.60,633.60,610.40
05/21/2021,646.40,169454,643.20,655.20,636.00
05/20/2021,655.20,205415,674.40,684.00,648.00
05/19/2021,692.00,474533,706.40,758.80,688.68
05/18/2021,663.20,184945,644.00,664.80,628.80
05/17/2021,645.60,151580,646.40,677.60,632.80
05/14/2021,632.80,161470,677.60,678.40,624.80
05/13/2021,716.80,299894,746.40,748.00,700.00
05/12/2021,791.20,544654,700.80,817.60,698.80
05/11/2021,675.20,317419,664.00,690.40,643.20
05/10/2021,626.40,145726,600.00,628.80,589.60
05/07/2021,600.00,126091,637.60,639.20,598.40
05/06/2021,638.40,124133,644.00,669.60,636.00
05/05/2021,642.40,86547,647.20,661.60,630.40
05/04/2021,657.60,217190,651.20,694.40,646.264
05/03/2021,633.60,79709,642.40,648.00,633.60
04/30/2021,658.40,100679,646.40,663.904,637.584
04/29/2021,632.80,90617,624.80,657.60,622.40
04/28/2021,636.80,68193,636.00,644.80,630.40
04/27/2021,639.20,72570,649.60,658.40,636.00
04/26/2021,653.60,72501,652.00,661.60,648.00
04/23/2021,658.40,104801,677.60,680.80,643.20
04/22/2021,689.60,147111,644.00,696.00,640.00
04/21/2021,644.80,86436,684.80,692.72,640.80
04/20/2021,680.00,105916,674.40,703.20,668.80
04/19/2021,664.80,122284,648.00,684.00,644.80
04/16/2021,642.40,50315,652.00,657.20,636.808
04/15/2021,652.80,42046,659.20,661.60,649.20
04/14/2021,675.20,68447,663.20,677.56,657.60
04/13/2021,660.00,46275,666.40,668.80,655.20
04/12/2021,665.60,48238,681.60,693.60,665.60
04/09/2021,676.00,51478,682.40,686.40,664.80
04/08/2021,677.60,56055,677.60,683.20,669.60
04/07/2021,688.00,48030,705.60,708.00,684.00
04/06/2021,709.60,33724,704.00,710.00,692.80
04/05/2021,703.20,51340,701.60,713.20,698.384
04/01/2021,724.80,54111,737.60,740.80,718.40
03/31/2021,748.00,55265,745.60,762.40,732.80
